bin_mean_pred,frac_positives
0.0296516991436584,0.036231884057971016
0.14504143990137994,0.13725490196078433
0.24831918290545862,0.3064516129032258
0.34766875562213717,0.42857142857142855
0.45718786808160633,0.5384615384615384
0.5426367095538548,0.7142857142857143
0.6491066295849649,0.7631578947368421
0.752183494415689,0.8085106382978723
0.8428736714755788,0.8235294117647058
0.9561901436402247,0.9711538461538461
