ece,brier
0.03238048383874986,0.12649946547748178
