ece,brier
0.041782316600924435,0.1203970852157327
