bin_mean_pred,frac_positives
0.035440738661412376,0.027210884353741496
0.15086367230517583,0.17307692307692307
0.2465209141388943,0.21875
0.3503622740703145,0.36363636363636365
0.4531251958020085,0.3333333333333333
0.542983785448244,0.6785714285714286
0.6509549975000274,0.6829268292682927
0.7596496814580092,0.7727272727272727
0.8517383265296813,0.9
0.9580889418634676,0.8931297709923665
