ece,brier
0.04301208883181973,0.12652523823693346
