ece,brier
0.04178232139744417,0.12039708578112701
