Channel,Occlusion
AF3,-0.044960815
AF4,-0.04832161
F3,-0.03425492
F4,-0.046533965
F7,-0.034993686
F8,-0.003747139
FC5,0.15542449
FC6,0.4249354
O1,-0.020469537
O2,-0.011883771
P7,0.42592755
P8,-0.01918822
T7,-0.0042827376
T8,0.008093593
