Channel,ConsensusImportance
AF3,0.007086555473506451
F7,0.028103208169341087
F3,0.029660968109965324
FC5,0.4296182692050934
T7,0.09286019951105118
P7,1.0
O1,0.05872877314686775
O2,0.07683268934488297
P8,0.06143055483698845
T8,0.11895687878131866
FC6,0.9979079365730286
F4,0.0037694191560149193
F8,0.09398955851793289
AF4,0.0
