Channel,ConsensusImportance
AF3,0.0070868064649403095
F7,0.028103230521082878
F3,0.029661083593964577
FC5,0.42961832880973816
T7,0.09286025166511536
P7,1.0
O1,0.05872885137796402
O2,0.0768328309059143
P8,0.061430640518665314
T8,0.1189570277929306
FC6,0.9979078769683838
F4,0.0037695367354899645
F8,0.09398961067199707
AF4,0.0
