Channel,ConsensusImportance
AF3,0.567096471786499
F7,0.6466624736785889
F3,0.49577999114990234
FC5,0.5283948183059692
T7,0.46835511922836304
P7,0.0
O1,1.0
O2,0.8973327875137329
P8,0.5241538882255554
T8,0.3007703423500061
FC6,0.4701225757598877
F4,0.5279481410980225
F8,0.41440731287002563
AF4,0.6818384528160095
