Channel,Gradient_x_Input,Occlusion
AF3,-0.09879537,-0.052241117
AF4,-0.09535263,-0.04977379
F3,-0.09726713,-0.05459716
F4,-0.0982375,-0.054695256
F7,-0.09778263,-0.051735383
F8,-0.10655,-0.055385385
FC5,-0.099727646,-0.05641088
FC6,-0.09765242,-0.056627166
O1,-0.08480861,-0.044271518
O2,-0.08749804,-0.04606154
P7,-0.116016194,-0.059589844
P8,-0.09708766,-0.054337356
T7,-0.10192669,-0.05798329
T8,-0.10960953,-0.058876507
