Channel,ConsensusImportance
AF3,0.5157748460769653
F7,0.5485082864761353
F3,0.463357150554657
FC5,0.3647344708442688
T7,0.2781773805618286
P7,0.0
O1,1.0
O2,0.8984832763671875
P8,0.4747127890586853
T8,0.12592974305152893
FC6,0.39092347025871277
F4,0.444608211517334
F8,0.2889012098312378
AF4,0.6514687538146973
