Metric,Graph_Mean,Graph_Std,Graph_N,Classical_Mean,Classical_Std,Classical_N
Accuracy,0.82,0.04951150259170985,5.0,0.8466666666666667,0.09290825821445821,5.0
Balanced Acc,0.8200000000000001,0.04951150259170981,5.0,0.8466666666666667,0.09290825821445818,5.0
F1,0.8058179164646079,0.06962263994288098,5.0,0.8518615749028863,0.08516015604315566,5.0
Precision,0.8630797147872787,0.056011915282406115,5.0,0.8401508660830694,0.10805396150564754,5.0
Recall,0.7666666666666667,0.12638125740085918,5.0,0.8699999999999999,0.08612007121842541,5.0
ROC AUC,0.9043888888888889,0.06819979046707611,5.0,0.8987222222222222,0.06839191256065077,5.0
AP,0.9065857479486589,0.0626626847024664,5.0,0.8840298558148995,0.07818142533208372,5.0
Macro PR,,,,,,
